[
  {
    "inputs": [
      {
        "internalType": "uint256",
        "name": "_amount",
        "type": "uint256"
      },
      {
        "internalType": "uint8",
        "name": "_pid",
        "type": "uint8"
      }
    ],
    "name": "depositPool",
    "outputs": [],
    "stateMutability": "nonpayable",
    "type": "function"
  },
  {
    "inputs": [
      {
        "internalType": "uint256",
        "name": "_lpAmount",
        "type": "uint256"
      },
      {
        "internalType": "uint256",
        "name": "_offerAmount",
        "type": "uint256"
      }
    ],
    "name": "finalWithdraw",
    "outputs": [],
    "stateMutability": "nonpayable",
    "type": "function"
  },
  {
    "inputs": [
      {
        "internalType": "uint8",
        "name": "_pid",
        "type": "uint8"
      }
    ],
    "name": "harvestPool",
    "outputs": [],
    "stateMutability": "nonpayable",
    "type": "function"
  },
  {
    "inputs": [
      {
        "internalType": "uint256",
        "name": "_offeringAmountPool",
        "type": "uint256"
      },
      {
        "internalType": "uint256",
        "name": "_raisingAmountPool",
        "type": "uint256"
      },
      {
        "internalType": "uint256",
        "name": "_limitPerUserInLP",
        "type": "uint256"
      },
      {
        "internalType": "bool",
        "name": "_hasTax",
        "type": "bool"
      },
      {
        "internalType": "uint8",
        "name": "_pid",
        "type": "uint8"
      }
    ],
    "name": "setPool",
    "outputs": [],
    "stateMutability": "nonpayable",
    "type": "function"
  },
  {
    "inputs": [
      {
        "internalType": "uint256",
        "name": "_campaignId",
        "type": "uint256"
      },
      {
        "internalType": "uint256",
        "name": "_numberPoints",
        "type": "uint256"
      },
      {
        "internalType": "uint256",
        "name": "_thresholdPoints",
        "type": "uint256"
      }
    ],
    "name": "updatePointParameters",
    "outputs": [],
    "stateMutability": "nonpayable",
    "type": "function"
  },
  {
    "inputs": [
      {
        "internalType": "uint256",
        "name": "_pid",
        "type": "uint256"
      }
    ],
    "name": "viewPoolInformation",
    "outputs": [
      {
        "internalType": "uint256",
        "name": "",
        "type": "uint256"
      },
      {
        "internalType": "uint256",
        "name": "",
        "type": "uint256"
      },
      {
        "internalType": "uint256",
        "name": "",
        "type": "uint256"
      },
      {
        "internalType": "bool",
        "name": "",
        "type": "bool"
      },
      {
        "internalType": "uint256",
        "name": "",
        "type": "uint256"
      },
      {
        "internalType": "uint256",
        "name": "",
        "type": "uint256"
      }
    ],
    "stateMutability": "view",
    "type": "function"
  },
  {
    "inputs": [
      {
        "internalType": "uint256",
        "name": "_pid",
        "type": "uint256"
      }
    ],
    "name": "viewPoolTaxRateOverflow",
    "outputs": [
      {
        "internalType": "uint256",
        "name": "",
        "type": "uint256"
      }
    ],
    "stateMutability": "view",
    "type": "function"
  },
  {
    "inputs": [
      {
        "internalType": "address",
        "name": "_user",
        "type": "address"
      },
      {
        "internalType": "uint8[]",
        "name": "_pids",
        "type": "uint8[]"
      }
    ],
    "name": "viewUserAllocationPools",
    "outputs": [
      {
        "internalType": "uint256[]",
        "name": "",
        "type": "uint256[]"
      }
    ],
    "stateMutability": "view",
    "type": "function"
  },
  {
    "inputs": [
      {
        "internalType": "address",
        "name": "_user",
        "type": "address"
      },
      {
        "internalType": "uint8[]",
        "name": "_pids",
        "type": "uint8[]"
      }
    ],
    "name": "viewUserInfo",
    "outputs": [
      {
        "internalType": "uint256[]",
        "name": "",
        "type": "uint256[]"
      },
      {
        "internalType": "bool[]",
        "name": "",
        "type": "bool[]"
      }
    ],
    "stateMutability": "view",
    "type": "function"
  },
  {
    "inputs": [
      {
        "internalType": "address",
        "name": "_user",
        "type": "address"
      },
      {
        "internalType": "uint8[]",
        "name": "_pids",
        "type": "uint8[]"
      }
    ],
    "name": "viewUserOfferingAndRefundingAmountsForPools",
    "outputs": [
      {
        "internalType": "uint256[3][]",
        "name": "",
        "type": "uint256[3][]"
      }
    ],
    "stateMutability": "view",
    "type": "function"
  }
]
