{
  "_format": "hh-sol-cache-2",
  "files": {
    "D:\\Hackathon\\DefiVault\\src\\FactoryIndex.sol": {
      "lastModificationDate": 1711548922859,
      "contentHash": "17fc1b8907fa6a4d49a38574edac1838",
      "sourceName": "src/FactoryIndex.sol",
      "solcConfig": {
        "version": "0.8.24",
        "settings": {
          "evmVersion": "paris",
          "optimizer": {
            "enabled": false,
            "runs": 200
          },
          "outputSelection": {
            "*": {
              "*": [
                "abi",
                "evm.bytecode",
                "evm.deployedBytecode",
                "evm.methodIdentifiers",
                "metadata"
              ],
              "": [
                "ast"
              ]
            }
          }
        }
      },
      "imports": [
        "./IndexStrat.sol"
      ],
      "versionPragmas": [
        "^0.8.9"
      ],
      "artifacts": [
        "FactoryIndex"
      ]
    },
    "D:\\Hackathon\\DefiVault\\src\\IndexStrat.sol": {
      "lastModificationDate": 1711547189232,
      "contentHash": "373c97d1183ab2ee279674880beb16fe",
      "sourceName": "src/IndexStrat.sol",
      "solcConfig": {
        "version": "0.8.24",
        "settings": {
          "evmVersion": "paris",
          "optimizer": {
            "enabled": false,
            "runs": 200
          },
          "outputSelection": {
            "*": {
              "*": [
                "abi",
                "evm.bytecode",
                "evm.deployedBytecode",
                "evm.methodIdentifiers",
                "metadata"
              ],
              "": [
                "ast"
              ]
            }
          }
        }
      },
      "imports": [
        "../lib/openzeppelin-contracts/contracts/token/ERC20/IERC20.sol",
        "./Interfaces/IUniswapV3Factory.sol",
        "./Interfaces/IUniswapV3PoolState.sol",
        "./Interfaces/IV3SwapRouter.sol",
        "./liberaries/IFullMathLib.sol",
        "./liberaries/ITickMathLib.sol"
      ],
      "versionPragmas": [
        "^0.8.9"
      ],
      "artifacts": [
        "IndexStrat"
      ]
    },
    "D:\\Hackathon\\DefiVault\\src\\Interfaces\\IUniswapV3Factory.sol": {
      "lastModificationDate": 1711360902137,
      "contentHash": "3ba7f1996eaf6b35933dcd336f545616",
      "sourceName": "src/Interfaces/IUniswapV3Factory.sol",
      "solcConfig": {
        "version": "0.8.24",
        "settings": {
          "evmVersion": "paris",
          "optimizer": {
            "enabled": false,
            "runs": 200
          },
          "outputSelection": {
            "*": {
              "*": [
                "abi",
                "evm.bytecode",
                "evm.deployedBytecode",
                "evm.methodIdentifiers",
                "metadata"
              ],
              "": [
                "ast"
              ]
            }
          }
        }
      },
      "imports": [],
      "versionPragmas": [
        ">=0.5.0"
      ],
      "artifacts": [
        "IUniswapV3Factory"
      ]
    },
    "D:\\Hackathon\\DefiVault\\src\\Interfaces\\IUniswapV3PoolState.sol": {
      "lastModificationDate": 1711360827545,
      "contentHash": "5073d13b404ac651f17f64c68d27042f",
      "sourceName": "src/Interfaces/IUniswapV3PoolState.sol",
      "solcConfig": {
        "version": "0.8.24",
        "settings": {
          "evmVersion": "paris",
          "optimizer": {
            "enabled": false,
            "runs": 200
          },
          "outputSelection": {
            "*": {
              "*": [
                "abi",
                "evm.bytecode",
                "evm.deployedBytecode",
                "evm.methodIdentifiers",
                "metadata"
              ],
              "": [
                "ast"
              ]
            }
          }
        }
      },
      "imports": [],
      "versionPragmas": [
        "^0.8.0"
      ],
      "artifacts": [
        "IUniswapV3PoolState"
      ]
    },
    "D:\\Hackathon\\DefiVault\\src\\Interfaces\\IV3SwapRouter.sol": {
      "lastModificationDate": 1711360807493,
      "contentHash": "5aef9b918deb3538dd23489fba0f5ef3",
      "sourceName": "src/Interfaces/IV3SwapRouter.sol",
      "solcConfig": {
        "version": "0.8.24",
        "settings": {
          "evmVersion": "paris",
          "optimizer": {
            "enabled": false,
            "runs": 200
          },
          "outputSelection": {
            "*": {
              "*": [
                "abi",
                "evm.bytecode",
                "evm.deployedBytecode",
                "evm.methodIdentifiers",
                "metadata"
              ],
              "": [
                "ast"
              ]
            }
          }
        }
      },
      "imports": [],
      "versionPragmas": [
        ">=0.7.5"
      ],
      "artifacts": [
        "IV3SwapRouter"
      ]
    },
    "D:\\Hackathon\\DefiVault\\src\\liberaries\\IFullMathLib.sol": {
      "lastModificationDate": 1711360942625,
      "contentHash": "0a271bb2bfb2133b039201e7def66320",
      "sourceName": "src/liberaries/IFullMathLib.sol",
      "solcConfig": {
        "version": "0.8.24",
        "settings": {
          "evmVersion": "paris",
          "optimizer": {
            "enabled": false,
            "runs": 200
          },
          "outputSelection": {
            "*": {
              "*": [
                "abi",
                "evm.bytecode",
                "evm.deployedBytecode",
                "evm.methodIdentifiers",
                "metadata"
              ],
              "": [
                "ast"
              ]
            }
          }
        }
      },
      "imports": [],
      "versionPragmas": [
        "^0.8.0"
      ],
      "artifacts": [
        "IFullMathLib"
      ]
    },
    "D:\\Hackathon\\DefiVault\\src\\liberaries\\ITickMathLib.sol": {
      "lastModificationDate": 1711360959068,
      "contentHash": "aa4af43c113bba31013a4837c6c3b69f",
      "sourceName": "src/liberaries/ITickMathLib.sol",
      "solcConfig": {
        "version": "0.8.24",
        "settings": {
          "evmVersion": "paris",
          "optimizer": {
            "enabled": false,
            "runs": 200
          },
          "outputSelection": {
            "*": {
              "*": [
                "abi",
                "evm.bytecode",
                "evm.deployedBytecode",
                "evm.methodIdentifiers",
                "metadata"
              ],
              "": [
                "ast"
              ]
            }
          }
        }
      },
      "imports": [],
      "versionPragmas": [
        "^0.8.0"
      ],
      "artifacts": [
        "ITickMathLib"
      ]
    },
    "D:\\Hackathon\\DefiVault\\lib\\openzeppelin-contracts\\contracts\\token\\ERC20\\IERC20.sol": {
      "lastModificationDate": 1696237280356,
      "contentHash": "da337b36f786d26e7e0826fa874f8d27",
      "sourceName": "lib/openzeppelin-contracts/contracts/token/ERC20/IERC20.sol",
      "solcConfig": {
        "version": "0.8.24",
        "settings": {
          "evmVersion": "paris",
          "optimizer": {
            "enabled": false,
            "runs": 200
          },
          "outputSelection": {
            "*": {
              "*": [
                "abi",
                "evm.bytecode",
                "evm.deployedBytecode",
                "evm.methodIdentifiers",
                "metadata"
              ],
              "": [
                "ast"
              ]
            }
          }
        }
      },
      "imports": [],
      "versionPragmas": [
        "^0.8.0"
      ],
      "artifacts": [
        "IERC20"
      ]
    }
  }
}
