[
  {
    "inputs": [],
    "stateMutability": "nonpayable",
    "type": "constructor"
  },
  {
    "inputs": [
      {
        "internalType": "address",
        "name": "aggregator",
        "type": "address"
      },
      {
        "internalType": "uint80",
        "name": "firstRoundId",
        "type": "uint80"
      },
      {
        "internalType": "uint80",
        "name": "lastRoundId",
        "type": "uint80"
      }
    ],
    "name": "viewHistoricalPrices",
    "outputs": [
      {
        "internalType": "uint80[]",
        "name": "roundIds",
        "type": "uint80[]"
      },
      {
        "internalType": "int256[]",
        "name": "prices",
        "type": "int256[]"
      },
      {
        "internalType": "uint256[]",
        "name": "timestamps",
        "type": "uint256[]"
      }
    ],
    "stateMutability": "view",
    "type": "function"
  }
]
