[
  {
    "inputs": [
      {
        "internalType": "address",
        "name": "_nftAddress",
        "type": "address"
      }
    ],
    "name": "addNftAddress",
    "outputs": [],
    "stateMutability": "nonpayable",
    "type": "function"
  },
  {
    "inputs": [
      {
        "internalType": "string",
        "name": "_teamName",
        "type": "string"
      },
      {
        "internalType": "string",
        "name": "_teamDescription",
        "type": "string"
      }
    ],
    "name": "addTeam",
    "outputs": [],
    "stateMutability": "nonpayable",
    "type": "function"
  },
  {
    "inputs": [
      {
        "internalType": "uint256",
        "name": "_teamId",
        "type": "uint256"
      },
      {
        "internalType": "address",
        "name": "_nftAddress",
        "type": "address"
      },
      {
        "internalType": "uint256",
        "name": "_tokenId",
        "type": "uint256"
      }
    ],
    "name": "createProfile",
    "outputs": [],
    "stateMutability": "nonpayable",
    "type": "function"
  },
  {
    "inputs": [
      {
        "internalType": "uint256",
        "name": "_teamId",
        "type": "uint256"
      }
    ],
    "name": "getTeamProfile",
    "outputs": [
      {
        "internalType": "string",
        "name": "",
        "type": "string"
      },
      {
        "internalType": "string",
        "name": "",
        "type": "string"
      },
      {
        "internalType": "uint256",
        "name": "",
        "type": "uint256"
      },
      {
        "internalType": "uint256",
        "name": "",
        "type": "uint256"
      },
      {
        "internalType": "bool",
        "name": "",
        "type": "bool"
      }
    ],
    "stateMutability": "view",
    "type": "function"
  },
  {
    "inputs": [
      {
        "internalType": "address",
        "name": "_userAddress",
        "type": "address"
      }
    ],
    "name": "getUserProfile",
    "outputs": [
      {
        "internalType": "uint256",
        "name": "",
        "type": "uint256"
      },
      {
        "internalType": "uint256",
        "name": "",
        "type": "uint256"
      },
      {
        "internalType": "uint256",
        "name": "",
        "type": "uint256"
      },
      {
        "internalType": "address",
        "name": "",
        "type": "address"
      },
      {
        "internalType": "uint256",
        "name": "",
        "type": "uint256"
      },
      {
        "internalType": "bool",
        "name": "",
        "type": "bool"
      }
    ],
    "stateMutability": "view",
    "type": "function"
  },
  {
    "inputs": [
      {
        "internalType": "address",
        "name": "_userAddress",
        "type": "address"
      }
    ],
    "name": "getUserStatus",
    "outputs": [
      {
        "internalType": "bool",
        "name": "",
        "type": "bool"
      }
    ],
    "stateMutability": "view",
    "type": "function"
  },
  {
    "inputs": [
      {
        "internalType": "address",
        "name": "_userAddress",
        "type": "address"
      },
      {
        "internalType": "uint256",
        "name": "_numberPoints",
        "type": "uint256"
      },
      {
        "internalType": "uint256",
        "name": "_campaignId",
        "type": "uint256"
      }
    ],
    "name": "increaseUserPoints",
    "outputs": [],
    "stateMutability": "nonpayable",
    "type": "function"
  },
  {
    "inputs": [
      {
        "internalType": "address",
        "name": "_userAddress",
        "type": "address"
      },
      {
        "internalType": "uint256",
        "name": "_numberPoints",
        "type": "uint256"
      }
    ],
    "name": "removeUserPoints",
    "outputs": [],
    "stateMutability": "nonpayable",
    "type": "function"
  }
]
