{
  "_format": "ethers-rs-sol-cache-3",
  "paths": {
    "artifacts": "out",
    "build_infos": "out/build-info",
    "sources": "src",
    "tests": "test",
    "scripts": "script",
    "libraries": [
      "lib"
    ]
  },
  "files": {
    "lib/forge-std/src/Base.sol": {
      "lastModificationDate": 1711368052916,
      "contentHash": "ee13c050b1914464f1d3f90cde90204b",
      "sourceName": "lib/forge-std/src/Base.sol",
      "solcConfig": {
        "settings": {
          "optimizer": {
            "enabled": true,
            "runs": 200
          },
          "metadata": {
            "bytecodeHash": "ipfs",
            "appendCBOR": true
          },
          "outputSelection": {
            "*": {
              "": [
                "ast"
              ],
              "*": [
                "abi",
                "evm.bytecode",
                "evm.deployedBytecode",
                "evm.methodIdentifiers",
                "metadata"
              ]
            }
          },
          "evmVersion": "paris",
          "libraries": {}
        }
      },
      "imports": [
        "lib/forge-std/src/StdStorage.sol",
        "lib/forge-std/src/Vm.sol"
      ],
      "versionRequirement": ">=0.6.2, <0.9.0",
      "artifacts": {
        "CommonBase": {
          "0.8.20+commit.a1b79de6.Windows.msvc": "Base.sol\\CommonBase.json"
        },
        "ScriptBase": {
          "0.8.20+commit.a1b79de6.Windows.msvc": "Base.sol\\ScriptBase.json"
        },
        "TestBase": {
          "0.8.20+commit.a1b79de6.Windows.msvc": "Base.sol\\TestBase.json"
        }
      }
    },
    "lib/forge-std/src/Script.sol": {
      "lastModificationDate": 1711368052920,
      "contentHash": "ba325c778a7da8a21c2136aa32763c14",
      "sourceName": "lib/forge-std/src/Script.sol",
      "solcConfig": {
        "settings": {
          "optimizer": {
            "enabled": true,
            "runs": 200
          },
          "metadata": {
            "bytecodeHash": "ipfs",
            "appendCBOR": true
          },
          "outputSelection": {
            "*": {
              "": [
                "ast"
              ],
              "*": [
                "abi",
                "evm.bytecode",
                "evm.deployedBytecode",
                "evm.methodIdentifiers",
                "metadata"
              ]
            }
          },
          "evmVersion": "paris",
          "libraries": {}
        }
      },
      "imports": [
        "lib/forge-std/src/Base.sol",
        "lib/forge-std/src/StdChains.sol",
        "lib/forge-std/src/StdCheats.sol",
        "lib/forge-std/src/StdJson.sol",
        "lib/forge-std/src/StdMath.sol",
        "lib/forge-std/src/StdStorage.sol",
        "lib/forge-std/src/StdStyle.sol",
        "lib/forge-std/src/StdUtils.sol",
        "lib/forge-std/src/Vm.sol",
        "lib/forge-std/src/console.sol",
        "lib/forge-std/src\\console2.sol",
        "lib/forge-std/src/interfaces/IERC165.sol",
        "lib/forge-std/src/interfaces/IERC20.sol",
        "lib/forge-std/src/interfaces/IERC721.sol",
        "lib/forge-std/src/interfaces/IMulticall3.sol",
        "lib/forge-std/src/mocks/MockERC20.sol",
        "lib/forge-std/src/mocks/MockERC721.sol",
        "lib/forge-std/src/safeconsole.sol"
      ],
      "versionRequirement": ">=0.6.2, <0.9.0",
      "artifacts": {
        "Script": {
          "0.8.20+commit.a1b79de6.Windows.msvc": "Script.sol\\Script.json"
        }
      }
    },
    "lib/forge-std/src/StdAssertions.sol": {
      "lastModificationDate": 1711368052924,
      "contentHash": "52b0ef40a9a951914f35d4135e063e48",
      "sourceName": "lib/forge-std/src/StdAssertions.sol",
      "solcConfig": {
        "settings": {
          "optimizer": {
            "enabled": true,
            "runs": 200
          },
          "metadata": {
            "bytecodeHash": "ipfs",
            "appendCBOR": true
          },
          "outputSelection": {
            "*": {
              "": [
                "ast"
              ],
              "*": [
                "abi",
                "evm.bytecode",
                "evm.deployedBytecode",
                "evm.methodIdentifiers",
                "metadata"
              ]
            }
          },
          "evmVersion": "paris",
          "libraries": {}
        }
      },
      "imports": [
        "lib/forge-std/src/Vm.sol"
      ],
      "versionRequirement": ">=0.6.2, <0.9.0",
      "artifacts": {
        "StdAssertions": {
          "0.8.20+commit.a1b79de6.Windows.msvc": "StdAssertions.sol\\StdAssertions.json"
        }
      }
    },
    "lib/forge-std/src/StdChains.sol": {
      "lastModificationDate": 1711368052927,
      "contentHash": "ad426367021e17f3fc937afa5db39a5c",
      "sourceName": "lib/forge-std/src/StdChains.sol",
      "solcConfig": {
        "settings": {
          "optimizer": {
            "enabled": true,
            "runs": 200
          },
          "metadata": {
            "bytecodeHash": "ipfs",
            "appendCBOR": true
          },
          "outputSelection": {
            "*": {
              "": [
                "ast"
              ],
              "*": [
                "abi",
                "evm.bytecode",
                "evm.deployedBytecode",
                "evm.methodIdentifiers",
                "metadata"
              ]
            }
          },
          "evmVersion": "paris",
          "libraries": {}
        }
      },
      "imports": [
        "lib/forge-std/src/Vm.sol"
      ],
      "versionRequirement": ">=0.6.2, <0.9.0",
      "artifacts": {
        "StdChains": {
          "0.8.20+commit.a1b79de6.Windows.msvc": "StdChains.sol\\StdChains.json"
        }
      }
    },
    "lib/forge-std/src/StdCheats.sol": {
      "lastModificationDate": 1711368052932,
      "contentHash": "7922ae0087a21ee3cdb97137be18c06c",
      "sourceName": "lib/forge-std/src/StdCheats.sol",
      "solcConfig": {
        "settings": {
          "optimizer": {
            "enabled": true,
            "runs": 200
          },
          "metadata": {
            "bytecodeHash": "ipfs",
            "appendCBOR": true
          },
          "outputSelection": {
            "*": {
              "": [
                "ast"
              ],
              "*": [
                "abi",
                "evm.bytecode",
                "evm.deployedBytecode",
                "evm.methodIdentifiers",
                "metadata"
              ]
            }
          },
          "evmVersion": "paris",
          "libraries": {}
        }
      },
      "imports": [
        "lib/forge-std/src/StdStorage.sol",
        "lib/forge-std/src/Vm.sol",
        "lib/forge-std/src\\console2.sol"
      ],
      "versionRequirement": ">=0.6.2, <0.9.0",
      "artifacts": {
        "StdCheats": {
          "0.8.20+commit.a1b79de6.Windows.msvc": "StdCheats.sol\\StdCheats.json"
        },
        "StdCheatsSafe": {
          "0.8.20+commit.a1b79de6.Windows.msvc": "StdCheats.sol\\StdCheatsSafe.json"
        }
      }
    },
    "lib/forge-std/src/StdError.sol": {
      "lastModificationDate": 1711368052935,
      "contentHash": "64c896e1276a291776e5ea5aecb3870a",
      "sourceName": "lib/forge-std/src/StdError.sol",
      "solcConfig": {
        "settings": {
          "optimizer": {
            "enabled": true,
            "runs": 200
          },
          "metadata": {
            "bytecodeHash": "ipfs",
            "appendCBOR": true
          },
          "outputSelection": {
            "*": {
              "": [
                "ast"
              ],
              "*": [
                "abi",
                "evm.bytecode",
                "evm.deployedBytecode",
                "evm.methodIdentifiers",
                "metadata"
              ]
            }
          },
          "evmVersion": "paris",
          "libraries": {}
        }
      },
      "imports": [],
      "versionRequirement": ">=0.6.2, <0.9.0",
      "artifacts": {
        "stdError": {
          "0.8.20+commit.a1b79de6.Windows.msvc": "StdError.sol\\stdError.json"
        }
      }
    },
    "lib/forge-std/src/StdInvariant.sol": {
      "lastModificationDate": 1711368052938,
      "contentHash": "0a580d6fac69e9d4b6504f747f3c0c24",
      "sourceName": "lib/forge-std/src/StdInvariant.sol",
      "solcConfig": {
        "settings": {
          "optimizer": {
            "enabled": true,
            "runs": 200
          },
          "metadata": {
            "bytecodeHash": "ipfs",
            "appendCBOR": true
          },
          "outputSelection": {
            "*": {
              "": [
                "ast"
              ],
              "*": [
                "abi",
                "evm.bytecode",
                "evm.deployedBytecode",
                "evm.methodIdentifiers",
                "metadata"
              ]
            }
          },
          "evmVersion": "paris",
          "libraries": {}
        }
      },
      "imports": [],
      "versionRequirement": ">=0.6.2, <0.9.0",
      "artifacts": {
        "StdInvariant": {
          "0.8.20+commit.a1b79de6.Windows.msvc": "StdInvariant.sol\\StdInvariant.json"
        }
      }
    },
    "lib/forge-std/src/StdJson.sol": {
      "lastModificationDate": 1711368052940,
      "contentHash": "3339192c616789604138e2d8206c0702",
      "sourceName": "lib/forge-std/src/StdJson.sol",
      "solcConfig": {
        "settings": {
          "optimizer": {
            "enabled": true,
            "runs": 200
          },
          "metadata": {
            "bytecodeHash": "ipfs",
            "appendCBOR": true
          },
          "outputSelection": {
            "*": {
              "": [
                "ast"
              ],
              "*": [
                "abi",
                "evm.bytecode",
                "evm.deployedBytecode",
                "evm.methodIdentifiers",
                "metadata"
              ]
            }
          },
          "evmVersion": "paris",
          "libraries": {}
        }
      },
      "imports": [
        "lib/forge-std/src/Vm.sol"
      ],
      "versionRequirement": ">=0.6.0, <0.9.0",
      "artifacts": {
        "stdJson": {
          "0.8.20+commit.a1b79de6.Windows.msvc": "StdJson.sol\\stdJson.json"
        }
      }
    },
    "lib/forge-std/src/StdMath.sol": {
      "lastModificationDate": 1711368052944,
      "contentHash": "9da8f453eba6bb98f3d75bc6822bfb29",
      "sourceName": "lib/forge-std/src/StdMath.sol",
      "solcConfig": {
        "settings": {
          "optimizer": {
            "enabled": true,
            "runs": 200
          },
          "metadata": {
            "bytecodeHash": "ipfs",
            "appendCBOR": true
          },
          "outputSelection": {
            "*": {
              "": [
                "ast"
              ],
              "*": [
                "abi",
                "evm.bytecode",
                "evm.deployedBytecode",
                "evm.methodIdentifiers",
                "metadata"
              ]
            }
          },
          "evmVersion": "paris",
          "libraries": {}
        }
      },
      "imports": [],
      "versionRequirement": ">=0.6.2, <0.9.0",
      "artifacts": {
        "stdMath": {
          "0.8.20+commit.a1b79de6.Windows.msvc": "StdMath.sol\\stdMath.json"
        }
      }
    },
    "lib/forge-std/src/StdStorage.sol": {
      "lastModificationDate": 1711368052947,
      "contentHash": "5955d11c6b4a5e64839b4419e0fe71c4",
      "sourceName": "lib/forge-std/src/StdStorage.sol",
      "solcConfig": {
        "settings": {
          "optimizer": {
            "enabled": true,
            "runs": 200
          },
          "metadata": {
            "bytecodeHash": "ipfs",
            "appendCBOR": true
          },
          "outputSelection": {
            "*": {
              "": [
                "ast"
              ],
              "*": [
                "abi",
                "evm.bytecode",
                "evm.deployedBytecode",
                "evm.methodIdentifiers",
                "metadata"
              ]
            }
          },
          "evmVersion": "paris",
          "libraries": {}
        }
      },
      "imports": [
        "lib/forge-std/src/Vm.sol"
      ],
      "versionRequirement": ">=0.6.2, <0.9.0",
      "artifacts": {
        "stdStorage": {
          "0.8.20+commit.a1b79de6.Windows.msvc": "StdStorage.sol\\stdStorage.json"
        },
        "stdStorageSafe": {
          "0.8.20+commit.a1b79de6.Windows.msvc": "StdStorage.sol\\stdStorageSafe.json"
        }
      }
    },
    "lib/forge-std/src/StdStyle.sol": {
      "lastModificationDate": 1711368052949,
      "contentHash": "6281165a12aa639705c691fccefd855e",
      "sourceName": "lib/forge-std/src/StdStyle.sol",
      "solcConfig": {
        "settings": {
          "optimizer": {
            "enabled": true,
            "runs": 200
          },
          "metadata": {
            "bytecodeHash": "ipfs",
            "appendCBOR": true
          },
          "outputSelection": {
            "*": {
              "": [
                "ast"
              ],
              "*": [
                "abi",
                "evm.bytecode",
                "evm.deployedBytecode",
                "evm.methodIdentifiers",
                "metadata"
              ]
            }
          },
          "evmVersion": "paris",
          "libraries": {}
        }
      },
      "imports": [
        "lib/forge-std/src/Vm.sol"
      ],
      "versionRequirement": ">=0.4.22, <0.9.0",
      "artifacts": {
        "StdStyle": {
          "0.8.20+commit.a1b79de6.Windows.msvc": "StdStyle.sol\\StdStyle.json"
        }
      }
    },
    "lib/forge-std/src/StdToml.sol": {
      "lastModificationDate": 1711368052951,
      "contentHash": "2bb543c13f276e5db311aa3b81ed1651",
      "sourceName": "lib/forge-std/src/StdToml.sol",
      "solcConfig": {
        "settings": {
          "optimizer": {
            "enabled": true,
            "runs": 200
          },
          "metadata": {
            "bytecodeHash": "ipfs",
            "appendCBOR": true
          },
          "outputSelection": {
            "*": {
              "": [
                "ast"
              ],
              "*": [
                "abi",
                "evm.bytecode",
                "evm.deployedBytecode",
                "evm.methodIdentifiers",
                "metadata"
              ]
            }
          },
          "evmVersion": "paris",
          "libraries": {}
        }
      },
      "imports": [
        "lib/forge-std/src/Vm.sol"
      ],
      "versionRequirement": ">=0.6.0, <0.9.0",
      "artifacts": {
        "stdToml": {
          "0.8.20+commit.a1b79de6.Windows.msvc": "StdToml.sol\\stdToml.json"
        }
      }
    },
    "lib/forge-std/src/StdUtils.sol": {
      "lastModificationDate": 1711368052954,
      "contentHash": "2ace460f60242ec59c9310db966aee97",
      "sourceName": "lib/forge-std/src/StdUtils.sol",
      "solcConfig": {
        "settings": {
          "optimizer": {
            "enabled": true,
            "runs": 200
          },
          "metadata": {
            "bytecodeHash": "ipfs",
            "appendCBOR": true
          },
          "outputSelection": {
            "*": {
              "": [
                "ast"
              ],
              "*": [
                "abi",
                "evm.bytecode",
                "evm.deployedBytecode",
                "evm.methodIdentifiers",
                "metadata"
              ]
            }
          },
          "evmVersion": "paris",
          "libraries": {}
        }
      },
      "imports": [
        "lib/forge-std/src/Vm.sol",
        "lib/forge-std/src/interfaces/IERC165.sol",
        "lib/forge-std/src/interfaces/IERC20.sol",
        "lib/forge-std/src/interfaces/IERC721.sol",
        "lib/forge-std/src/interfaces/IMulticall3.sol",
        "lib/forge-std/src/mocks/MockERC20.sol",
        "lib/forge-std/src/mocks/MockERC721.sol"
      ],
      "versionRequirement": ">=0.6.2, <0.9.0",
      "artifacts": {
        "StdUtils": {
          "0.8.20+commit.a1b79de6.Windows.msvc": "StdUtils.sol\\StdUtils.json"
        }
      }
    },
    "lib/forge-std/src/Test.sol": {
      "lastModificationDate": 1711368052958,
      "contentHash": "b6f15605355fc8c421fe42a90f94bf32",
      "sourceName": "lib/forge-std/src/Test.sol",
      "solcConfig": {
        "settings": {
          "optimizer": {
            "enabled": true,
            "runs": 200
          },
          "metadata": {
            "bytecodeHash": "ipfs",
            "appendCBOR": true
          },
          "outputSelection": {
            "*": {
              "": [
                "ast"
              ],
              "*": [
                "abi",
                "evm.bytecode",
                "evm.deployedBytecode",
                "evm.methodIdentifiers",
                "metadata"
              ]
            }
          },
          "evmVersion": "paris",
          "libraries": {}
        }
      },
      "imports": [
        "lib/forge-std/src/Base.sol",
        "lib/forge-std/src/StdAssertions.sol",
        "lib/forge-std/src/StdChains.sol",
        "lib/forge-std/src/StdCheats.sol",
        "lib/forge-std/src/StdError.sol",
        "lib/forge-std/src/StdInvariant.sol",
        "lib/forge-std/src/StdJson.sol",
        "lib/forge-std/src/StdMath.sol",
        "lib/forge-std/src/StdStorage.sol",
        "lib/forge-std/src/StdStyle.sol",
        "lib/forge-std/src/StdToml.sol",
        "lib/forge-std/src/StdUtils.sol",
        "lib/forge-std/src/Vm.sol",
        "lib/forge-std/src/console.sol",
        "lib/forge-std/src\\console2.sol",
        "lib/forge-std/src/interfaces/IERC165.sol",
        "lib/forge-std/src/interfaces/IERC20.sol",
        "lib/forge-std/src/interfaces/IERC721.sol",
        "lib/forge-std/src/interfaces/IMulticall3.sol",
        "lib/forge-std/src/mocks/MockERC20.sol",
        "lib/forge-std/src/mocks/MockERC721.sol",
        "lib/forge-std/src/safeconsole.sol"
      ],
      "versionRequirement": ">=0.6.2, <0.9.0",
      "artifacts": {
        "Test": {
          "0.8.20+commit.a1b79de6.Windows.msvc": "Test.sol\\Test.json"
        }
      }
    },
    "lib/forge-std/src/Vm.sol": {
      "lastModificationDate": 1711368052961,
      "contentHash": "0c248e2fef44ee2467d2e54f8d192b55",
      "sourceName": "lib/forge-std/src/Vm.sol",
      "solcConfig": {
        "settings": {
          "optimizer": {
            "enabled": true,
            "runs": 200
          },
          "metadata": {
            "bytecodeHash": "ipfs",
            "appendCBOR": true
          },
          "outputSelection": {
            "*": {
              "": [
                "ast"
              ],
              "*": [
                "abi",
                "evm.bytecode",
                "evm.deployedBytecode",
                "evm.methodIdentifiers",
                "metadata"
              ]
            }
          },
          "evmVersion": "paris",
          "libraries": {}
        }
      },
      "imports": [],
      "versionRequirement": ">=0.6.2, <0.9.0",
      "artifacts": {
        "Vm": {
          "0.8.20+commit.a1b79de6.Windows.msvc": "Vm.sol\\Vm.json"
        },
        "VmSafe": {
          "0.8.20+commit.a1b79de6.Windows.msvc": "Vm.sol\\VmSafe.json"
        }
      }
    },
    "lib/forge-std/src/console.sol": {
      "lastModificationDate": 1711368052966,
      "contentHash": "100b8a33b917da1147740d7ab8b0ded3",
      "sourceName": "lib/forge-std/src/console.sol",
      "solcConfig": {
        "settings": {
          "optimizer": {
            "enabled": true,
            "runs": 200
          },
          "metadata": {
            "bytecodeHash": "ipfs",
            "appendCBOR": true
          },
          "outputSelection": {
            "*": {
              "": [
                "ast"
              ],
              "*": [
                "abi",
                "evm.bytecode",
                "evm.deployedBytecode",
                "evm.methodIdentifiers",
                "metadata"
              ]
            }
          },
          "evmVersion": "paris",
          "libraries": {}
        }
      },
      "imports": [],
      "versionRequirement": ">=0.4.22, <0.9.0",
      "artifacts": {
        "console": {
          "0.8.20+commit.a1b79de6.Windows.msvc": "console.sol\\console.json"
        }
      }
    },
    "lib/forge-std/src/console2.sol": {
      "lastModificationDate": 1711368052970,
      "contentHash": "491ca717c1915995e78cc361485a3067",
      "sourceName": "lib/forge-std/src/console2.sol",
      "solcConfig": {
        "settings": {
          "optimizer": {
            "enabled": true,
            "runs": 200
          },
          "metadata": {
            "bytecodeHash": "ipfs",
            "appendCBOR": true
          },
          "outputSelection": {
            "*": {
              "": [
                "ast"
              ],
              "*": [
                "abi",
                "evm.bytecode",
                "evm.deployedBytecode",
                "evm.methodIdentifiers",
                "metadata"
              ]
            }
          },
          "evmVersion": "paris",
          "libraries": {}
        }
      },
      "imports": [],
      "versionRequirement": ">=0.4.22, <0.9.0",
      "artifacts": {
        "console2": {
          "0.8.20+commit.a1b79de6.Windows.msvc": "console2.sol\\console2.json"
        }
      }
    },
    "lib/forge-std/src/interfaces/IERC165.sol": {
      "lastModificationDate": 1711368052981,
      "contentHash": "90fe5e2e3ed432d6f3b408e7c9e8a739",
      "sourceName": "lib/forge-std/src/interfaces/IERC165.sol",
      "solcConfig": {
        "settings": {
          "optimizer": {
            "enabled": true,
            "runs": 200
          },
          "metadata": {
            "bytecodeHash": "ipfs",
            "appendCBOR": true
          },
          "outputSelection": {
            "*": {
              "": [
                "ast"
              ],
              "*": [
                "abi",
                "evm.bytecode",
                "evm.deployedBytecode",
                "evm.methodIdentifiers",
                "metadata"
              ]
            }
          },
          "evmVersion": "paris",
          "libraries": {}
        }
      },
      "imports": [],
      "versionRequirement": ">=0.6.2",
      "artifacts": {
        "IERC165": {
          "0.8.20+commit.a1b79de6.Windows.msvc": "IERC165.sol\\IERC165.json"
        }
      }
    },
    "lib/forge-std/src/interfaces/IERC20.sol": {
      "lastModificationDate": 1711368052985,
      "contentHash": "8099161d518e5862a76750349d58e801",
      "sourceName": "lib/forge-std/src/interfaces/IERC20.sol",
      "solcConfig": {
        "settings": {
          "optimizer": {
            "enabled": true,
            "runs": 200
          },
          "metadata": {
            "bytecodeHash": "ipfs",
            "appendCBOR": true
          },
          "outputSelection": {
            "*": {
              "": [
                "ast"
              ],
              "*": [
                "abi",
                "evm.bytecode",
                "evm.deployedBytecode",
                "evm.methodIdentifiers",
                "metadata"
              ]
            }
          },
          "evmVersion": "paris",
          "libraries": {}
        }
      },
      "imports": [],
      "versionRequirement": ">=0.6.2",
      "artifacts": {
        "IERC20": {
          "0.8.20+commit.a1b79de6.Windows.msvc": "IERC20.sol\\IERC20.json"
        }
      }
    },
    "lib/forge-std/src/interfaces/IERC721.sol": {
      "lastModificationDate": 1711368052994,
      "contentHash": "efc26e7f9a2f76b68088c8760ceae2dc",
      "sourceName": "lib/forge-std/src/interfaces/IERC721.sol",
      "solcConfig": {
        "settings": {
          "optimizer": {
            "enabled": true,
            "runs": 200
          },
          "metadata": {
            "bytecodeHash": "ipfs",
            "appendCBOR": true
          },
          "outputSelection": {
            "*": {
              "": [
                "ast"
              ],
              "*": [
                "abi",
                "evm.bytecode",
                "evm.deployedBytecode",
                "evm.methodIdentifiers",
                "metadata"
              ]
            }
          },
          "evmVersion": "paris",
          "libraries": {}
        }
      },
      "imports": [
        "lib/forge-std/src/interfaces/IERC165.sol"
      ],
      "versionRequirement": ">=0.6.2",
      "artifacts": {
        "IERC721": {
          "0.8.20+commit.a1b79de6.Windows.msvc": "IERC721.sol\\IERC721.json"
        },
        "IERC721Enumerable": {
          "0.8.20+commit.a1b79de6.Windows.msvc": "IERC721.sol\\IERC721Enumerable.json"
        },
        "IERC721Metadata": {
          "0.8.20+commit.a1b79de6.Windows.msvc": "IERC721.sol\\IERC721Metadata.json"
        },
        "IERC721TokenReceiver": {
          "0.8.20+commit.a1b79de6.Windows.msvc": "IERC721.sol\\IERC721TokenReceiver.json"
        }
      }
    },
    "lib/forge-std/src/interfaces/IMulticall3.sol": {
      "lastModificationDate": 1711368052996,
      "contentHash": "7b131ca1ca32ef6378b7b9ad5488b901",
      "sourceName": "lib/forge-std/src/interfaces/IMulticall3.sol",
      "solcConfig": {
        "settings": {
          "optimizer": {
            "enabled": true,
            "runs": 200
          },
          "metadata": {
            "bytecodeHash": "ipfs",
            "appendCBOR": true
          },
          "outputSelection": {
            "*": {
              "": [
                "ast"
              ],
              "*": [
                "abi",
                "evm.bytecode",
                "evm.deployedBytecode",
                "evm.methodIdentifiers",
                "metadata"
              ]
            }
          },
          "evmVersion": "paris",
          "libraries": {}
        }
      },
      "imports": [],
      "versionRequirement": ">=0.6.2, <0.9.0",
      "artifacts": {
        "IMulticall3": {
          "0.8.20+commit.a1b79de6.Windows.msvc": "IMulticall3.sol\\IMulticall3.json"
        }
      }
    },
    "lib/forge-std/src/mocks/MockERC20.sol": {
      "lastModificationDate": 1711368053001,
      "contentHash": "8e14d63e81e1d54dbc2d44df38ae9dec",
      "sourceName": "lib/forge-std/src/mocks/MockERC20.sol",
      "solcConfig": {
        "settings": {
          "optimizer": {
            "enabled": true,
            "runs": 200
          },
          "metadata": {
            "bytecodeHash": "ipfs",
            "appendCBOR": true
          },
          "outputSelection": {
            "*": {
              "": [
                "ast"
              ],
              "*": [
                "abi",
                "evm.bytecode",
                "evm.deployedBytecode",
                "evm.methodIdentifiers",
                "metadata"
              ]
            }
          },
          "evmVersion": "paris",
          "libraries": {}
        }
      },
      "imports": [
        "lib/forge-std/src/interfaces/IERC20.sol"
      ],
      "versionRequirement": ">=0.6.2, <0.9.0",
      "artifacts": {
        "MockERC20": {
          "0.8.20+commit.a1b79de6.Windows.msvc": "MockERC20.sol\\MockERC20.json"
        }
      }
    },
    "lib/forge-std/src/mocks/MockERC721.sol": {
      "lastModificationDate": 1711368053004,
      "contentHash": "58a77bb0832bf28b8edea8e830e21e63",
      "sourceName": "lib/forge-std/src/mocks/MockERC721.sol",
      "solcConfig": {
        "settings": {
          "optimizer": {
            "enabled": true,
            "runs": 200
          },
          "metadata": {
            "bytecodeHash": "ipfs",
            "appendCBOR": true
          },
          "outputSelection": {
            "*": {
              "": [
                "ast"
              ],
              "*": [
                "abi",
                "evm.bytecode",
                "evm.deployedBytecode",
                "evm.methodIdentifiers",
                "metadata"
              ]
            }
          },
          "evmVersion": "paris",
          "libraries": {}
        }
      },
      "imports": [
        "lib/forge-std/src/interfaces/IERC165.sol",
        "lib/forge-std/src/interfaces/IERC721.sol"
      ],
      "versionRequirement": ">=0.6.2, <0.9.0",
      "artifacts": {
        "IERC721TokenReceiver": {
          "0.8.20+commit.a1b79de6.Windows.msvc": "MockERC721.sol\\IERC721TokenReceiver.json"
        },
        "MockERC721": {
          "0.8.20+commit.a1b79de6.Windows.msvc": "MockERC721.sol\\MockERC721.json"
        }
      }
    },
    "lib/forge-std/src/safeconsole.sol": {
      "lastModificationDate": 1711368053010,
      "contentHash": "ac3b1bf5a444db5db3656021830258a8",
      "sourceName": "lib/forge-std/src/safeconsole.sol",
      "solcConfig": {
        "settings": {
          "optimizer": {
            "enabled": true,
            "runs": 200
          },
          "metadata": {
            "bytecodeHash": "ipfs",
            "appendCBOR": true
          },
          "outputSelection": {
            "*": {
              "": [
                "ast"
              ],
              "*": [
                "abi",
                "evm.bytecode",
                "evm.deployedBytecode",
                "evm.methodIdentifiers",
                "metadata"
              ]
            }
          },
          "evmVersion": "paris",
          "libraries": {}
        }
      },
      "imports": [],
      "versionRequirement": ">=0.6.2, <0.9.0",
      "artifacts": {
        "safeconsole": {
          "0.8.20+commit.a1b79de6.Windows.msvc": "safeconsole.sol\\safeconsole.json"
        }
      }
    },
    "lib/openzeppelin-contracts/contracts/token/ERC20/IERC20.sol": {
      "lastModificationDate": 1696237280355,
      "contentHash": "da337b36f786d26e7e0826fa874f8d27",
      "sourceName": "lib/openzeppelin-contracts/contracts/token/ERC20/IERC20.sol",
      "solcConfig": {
        "settings": {
          "optimizer": {
            "enabled": true,
            "runs": 200
          },
          "metadata": {
            "bytecodeHash": "ipfs",
            "appendCBOR": true
          },
          "outputSelection": {
            "*": {
              "": [
                "ast"
              ],
              "*": [
                "abi",
                "evm.bytecode",
                "evm.deployedBytecode",
                "evm.methodIdentifiers",
                "metadata"
              ]
            }
          },
          "evmVersion": "paris",
          "libraries": {}
        }
      },
      "imports": [],
      "versionRequirement": "^0.8.0",
      "artifacts": {
        "IERC20": {
          "0.8.20+commit.a1b79de6.Windows.msvc": "ERC20\\IERC20.sol\\IERC20.json"
        }
      }
    },
    "script/ContractScript.s.sol": {
      "lastModificationDate": 1711882922987,
      "contentHash": "9f9cb633f13489e4daae90f98a3a6710",
      "sourceName": "script/ContractScript.s.sol",
      "solcConfig": {
        "settings": {
          "optimizer": {
            "enabled": true,
            "runs": 200
          },
          "metadata": {
            "bytecodeHash": "ipfs",
            "appendCBOR": true
          },
          "outputSelection": {
            "*": {
              "": [
                "ast"
              ],
              "*": [
                "abi",
                "evm.bytecode",
                "evm.deployedBytecode",
                "evm.methodIdentifiers",
                "metadata"
              ]
            }
          },
          "evmVersion": "paris",
          "libraries": {}
        }
      },
      "imports": [
        "lib/forge-std/src/Base.sol",
        "lib/forge-std/src\\Script.sol",
        "lib/forge-std/src/StdChains.sol",
        "lib/forge-std/src/StdCheats.sol",
        "lib/forge-std/src/StdJson.sol",
        "lib/forge-std/src/StdMath.sol",
        "lib/forge-std/src/StdStorage.sol",
        "lib/forge-std/src/StdStyle.sol",
        "lib/forge-std/src/StdUtils.sol",
        "lib/forge-std/src/Vm.sol",
        "lib/forge-std/src/console.sol",
        "lib/forge-std/src\\console2.sol",
        "lib/forge-std/src/interfaces/IERC165.sol",
        "lib/forge-std/src/interfaces/IERC20.sol",
        "lib/forge-std/src/interfaces/IERC721.sol",
        "lib/forge-std/src/interfaces/IMulticall3.sol",
        "lib/forge-std/src/mocks/MockERC20.sol",
        "lib/forge-std/src/mocks/MockERC721.sol",
        "lib/forge-std/src/safeconsole.sol",
        "lib/openzeppelin-contracts/contracts/token/ERC20/IERC20.sol",
        "src\\FactoryIndex.sol",
        "src\\IndexStrat.sol",
        "src\\Interfaces\\IUniswapV3Factory.sol",
        "src\\Interfaces\\IUniswapV3PoolState.sol",
        "src\\Interfaces\\IV3SwapRouter.sol",
        "src\\liberaries\\IFullMathLib.sol",
        "src\\liberaries\\ITickMathLib.sol"
      ],
      "versionRequirement": "^0.8.8",
      "artifacts": {
        "ContractScript": {
          "0.8.20+commit.a1b79de6.Windows.msvc": "ContractScript.s.sol\\ContractScript.json"
        }
      }
    },
    "src/FactoryIndex.sol": {
      "lastModificationDate": 1711783987906,
      "contentHash": "4deaa27ee5048ccf2b038978ed8df31a",
      "sourceName": "src/FactoryIndex.sol",
      "solcConfig": {
        "settings": {
          "optimizer": {
            "enabled": true,
            "runs": 200
          },
          "metadata": {
            "bytecodeHash": "ipfs",
            "appendCBOR": true
          },
          "outputSelection": {
            "*": {
              "": [
                "ast"
              ],
              "*": [
                "abi",
                "evm.bytecode",
                "evm.deployedBytecode",
                "evm.methodIdentifiers",
                "metadata"
              ]
            }
          },
          "evmVersion": "paris",
          "libraries": {}
        }
      },
      "imports": [
        "lib/openzeppelin-contracts/contracts/token/ERC20/IERC20.sol",
        "src\\IndexStrat.sol",
        "src\\Interfaces\\IUniswapV3Factory.sol",
        "src\\Interfaces\\IUniswapV3PoolState.sol",
        "src\\Interfaces\\IV3SwapRouter.sol",
        "src\\liberaries\\IFullMathLib.sol",
        "src\\liberaries\\ITickMathLib.sol"
      ],
      "versionRequirement": "^0.8.9",
      "artifacts": {
        "FactoryIndex": {
          "0.8.20+commit.a1b79de6.Windows.msvc": "FactoryIndex.sol\\FactoryIndex.json"
        }
      }
    },
    "src/IndexStrat.sol": {
      "lastModificationDate": 1711898390186,
      "contentHash": "791bf24be93eb04aa9cfa01335ceb2a3",
      "sourceName": "src/IndexStrat.sol",
      "solcConfig": {
        "settings": {
          "optimizer": {
            "enabled": true,
            "runs": 200
          },
          "metadata": {
            "bytecodeHash": "ipfs",
            "appendCBOR": true
          },
          "outputSelection": {
            "*": {
              "": [
                "ast"
              ],
              "*": [
                "abi",
                "evm.bytecode",
                "evm.deployedBytecode",
                "evm.methodIdentifiers",
                "metadata"
              ]
            }
          },
          "evmVersion": "paris",
          "libraries": {}
        }
      },
      "imports": [
        "lib/openzeppelin-contracts/contracts/token/ERC20/IERC20.sol",
        "src\\Interfaces\\IUniswapV3Factory.sol",
        "src\\Interfaces\\IUniswapV3PoolState.sol",
        "src\\Interfaces\\IV3SwapRouter.sol",
        "src\\liberaries\\IFullMathLib.sol",
        "src\\liberaries\\ITickMathLib.sol"
      ],
      "versionRequirement": "^0.8.9",
      "artifacts": {
        "IndexStrat": {
          "0.8.20+commit.a1b79de6.Windows.msvc": "IndexStrat.sol\\IndexStrat.json"
        }
      }
    },
    "src/Interfaces/IUniswapV3Factory.sol": {
      "lastModificationDate": 1711360902137,
      "contentHash": "3ba7f1996eaf6b35933dcd336f545616",
      "sourceName": "src/Interfaces/IUniswapV3Factory.sol",
      "solcConfig": {
        "settings": {
          "optimizer": {
            "enabled": true,
            "runs": 200
          },
          "metadata": {
            "bytecodeHash": "ipfs",
            "appendCBOR": true
          },
          "outputSelection": {
            "*": {
              "": [
                "ast"
              ],
              "*": [
                "abi",
                "evm.bytecode",
                "evm.deployedBytecode",
                "evm.methodIdentifiers",
                "metadata"
              ]
            }
          },
          "evmVersion": "paris",
          "libraries": {}
        }
      },
      "imports": [],
      "versionRequirement": ">=0.5.0",
      "artifacts": {
        "IUniswapV3Factory": {
          "0.8.20+commit.a1b79de6.Windows.msvc": "IUniswapV3Factory.sol\\IUniswapV3Factory.json"
        }
      }
    },
    "src/Interfaces/IUniswapV3PoolState.sol": {
      "lastModificationDate": 1711360827544,
      "contentHash": "5073d13b404ac651f17f64c68d27042f",
      "sourceName": "src/Interfaces/IUniswapV3PoolState.sol",
      "solcConfig": {
        "settings": {
          "optimizer": {
            "enabled": true,
            "runs": 200
          },
          "metadata": {
            "bytecodeHash": "ipfs",
            "appendCBOR": true
          },
          "outputSelection": {
            "*": {
              "": [
                "ast"
              ],
              "*": [
                "abi",
                "evm.bytecode",
                "evm.deployedBytecode",
                "evm.methodIdentifiers",
                "metadata"
              ]
            }
          },
          "evmVersion": "paris",
          "libraries": {}
        }
      },
      "imports": [],
      "versionRequirement": "^0.8.0",
      "artifacts": {
        "IUniswapV3PoolState": {
          "0.8.20+commit.a1b79de6.Windows.msvc": "IUniswapV3PoolState.sol\\IUniswapV3PoolState.json"
        }
      }
    },
    "src/Interfaces/IV3SwapRouter.sol": {
      "lastModificationDate": 1711360807493,
      "contentHash": "5aef9b918deb3538dd23489fba0f5ef3",
      "sourceName": "src/Interfaces/IV3SwapRouter.sol",
      "solcConfig": {
        "settings": {
          "optimizer": {
            "enabled": true,
            "runs": 200
          },
          "metadata": {
            "bytecodeHash": "ipfs",
            "appendCBOR": true
          },
          "outputSelection": {
            "*": {
              "": [
                "ast"
              ],
              "*": [
                "abi",
                "evm.bytecode",
                "evm.deployedBytecode",
                "evm.methodIdentifiers",
                "metadata"
              ]
            }
          },
          "evmVersion": "paris",
          "libraries": {}
        }
      },
      "imports": [],
      "versionRequirement": ">=0.7.5",
      "artifacts": {
        "IV3SwapRouter": {
          "0.8.20+commit.a1b79de6.Windows.msvc": "IV3SwapRouter.sol\\IV3SwapRouter.json"
        }
      }
    },
    "src/liberaries/IFullMathLib.sol": {
      "lastModificationDate": 1711360942625,
      "contentHash": "0a271bb2bfb2133b039201e7def66320",
      "sourceName": "src/liberaries/IFullMathLib.sol",
      "solcConfig": {
        "settings": {
          "optimizer": {
            "enabled": true,
            "runs": 200
          },
          "metadata": {
            "bytecodeHash": "ipfs",
            "appendCBOR": true
          },
          "outputSelection": {
            "*": {
              "": [
                "ast"
              ],
              "*": [
                "abi",
                "evm.bytecode",
                "evm.deployedBytecode",
                "evm.methodIdentifiers",
                "metadata"
              ]
            }
          },
          "evmVersion": "paris",
          "libraries": {}
        }
      },
      "imports": [],
      "versionRequirement": "^0.8.0",
      "artifacts": {
        "IFullMathLib": {
          "0.8.20+commit.a1b79de6.Windows.msvc": "IFullMathLib.sol\\IFullMathLib.json"
        }
      }
    },
    "src/liberaries/ITickMathLib.sol": {
      "lastModificationDate": 1711360959067,
      "contentHash": "aa4af43c113bba31013a4837c6c3b69f",
      "sourceName": "src/liberaries/ITickMathLib.sol",
      "solcConfig": {
        "settings": {
          "optimizer": {
            "enabled": true,
            "runs": 200
          },
          "metadata": {
            "bytecodeHash": "ipfs",
            "appendCBOR": true
          },
          "outputSelection": {
            "*": {
              "": [
                "ast"
              ],
              "*": [
                "abi",
                "evm.bytecode",
                "evm.deployedBytecode",
                "evm.methodIdentifiers",
                "metadata"
              ]
            }
          },
          "evmVersion": "paris",
          "libraries": {}
        }
      },
      "imports": [],
      "versionRequirement": "^0.8.0",
      "artifacts": {
        "ITickMathLib": {
          "0.8.20+commit.a1b79de6.Windows.msvc": "ITickMathLib.sol\\ITickMathLib.json"
        }
      }
    },
    "test/IndexStrat.t.sol": {
      "lastModificationDate": 1711624869739,
      "contentHash": "d1ad380902e42b4374ac74e6564423be",
      "sourceName": "test/IndexStrat.t.sol",
      "solcConfig": {
        "settings": {
          "optimizer": {
            "enabled": true,
            "runs": 200
          },
          "metadata": {
            "bytecodeHash": "ipfs",
            "appendCBOR": true
          },
          "outputSelection": {
            "*": {
              "": [
                "ast"
              ],
              "*": [
                "abi",
                "evm.bytecode",
                "evm.deployedBytecode",
                "evm.methodIdentifiers",
                "metadata"
              ]
            }
          },
          "evmVersion": "paris",
          "libraries": {}
        }
      },
      "imports": [
        "lib/forge-std/src/Base.sol",
        "lib/forge-std/src\\Script.sol",
        "lib/forge-std/src/StdAssertions.sol",
        "lib/forge-std/src/StdChains.sol",
        "lib/forge-std/src/StdCheats.sol",
        "lib/forge-std/src/StdError.sol",
        "lib/forge-std/src/StdInvariant.sol",
        "lib/forge-std/src/StdJson.sol",
        "lib/forge-std/src/StdMath.sol",
        "lib/forge-std/src/StdStorage.sol",
        "lib/forge-std/src/StdStyle.sol",
        "lib/forge-std/src/StdToml.sol",
        "lib/forge-std/src/StdUtils.sol",
        "lib/forge-std/src\\Test.sol",
        "lib/forge-std/src/Vm.sol",
        "lib/forge-std/src/console.sol",
        "lib/forge-std/src\\console2.sol",
        "lib/forge-std/src/interfaces/IERC165.sol",
        "lib/forge-std/src/interfaces/IERC20.sol",
        "lib/forge-std/src/interfaces/IERC721.sol",
        "lib/forge-std/src/interfaces/IMulticall3.sol",
        "lib/forge-std/src/mocks/MockERC20.sol",
        "lib/forge-std/src/mocks/MockERC721.sol",
        "lib/forge-std/src/safeconsole.sol",
        "lib/openzeppelin-contracts/contracts/token/ERC20/IERC20.sol",
        "src\\FactoryIndex.sol",
        "src\\IndexStrat.sol",
        "src\\Interfaces\\IUniswapV3Factory.sol",
        "src\\Interfaces\\IUniswapV3PoolState.sol",
        "src\\Interfaces\\IV3SwapRouter.sol",
        "src\\liberaries\\IFullMathLib.sol",
        "src\\liberaries\\ITickMathLib.sol"
      ],
      "versionRequirement": "^0.8.0",
      "artifacts": {
        "indexTest": {
          "0.8.20+commit.a1b79de6.Windows.msvc": "IndexStrat.t.sol\\indexTest.json"
        }
      }
    }
  }
}